Contract_Address,Bug_Type_1,Bug_Type_2,Bug_Type_3,
0x00685230359bdb9e16704e1d3918b553e9a015e2_ext.sol,RENT,
0x03358425ada4620246dd703dc1f2246b8e148d22_ext.sol,LE,RENT,UE,
0x0689418b68122149a737a7cc7a49b2ad7c3049cc_ext.sol,RENT,TimeM,
0x1786672e19168f99a0c78e9704e416589e3197d4_ext.sol,RENT,TimeM,UE,
0x1822435de9b923a7a8c4fbd2f6d0aa8f743d3010_ext.sol,RENT,
0x301487766dcf283592b11b5988e5c4e4630dfbe5_ext.sol,RENT,
0x3325439082ff8ba7371dfdaa1af297bbfcac21b2_ext.sol,RENT,UE,
0x33720000b3b3bd4b631b76f85049306be257ddc7_ext.sol,RENT,
0x365267181bc0ef38bbb8d8ca9b330dc0c3ac01d1_ext.sol,RENT,
0x37238583c041a2f51964f23fde2710c4fbd29e9e_ext.sol,RENT,TimeM,UE,
0x4798480a81fe05d4194b1922dd4e20fe1742f51b_ext.sol,RENT,
0x5101067e64f9e564bed7dd9c7378d7cc9dd5f550_ext.sol,RENT,
0x511724936c6f550be63e940ebdd4800f095ea12c_ext.sol,RENT,
0x5135815b39806be487b153f927aa27ed507bd937_ext.sol,RENT,
0x522055cdfabaed68f1fc579f18cd7a8a6e0ab79a_ext.sol,RENT,
0x560431a917c5bf4f5831935a199d6516472bcff1_ext.sol,RENT,
0x58350795644f6a28bf36c54db1b88ee8a723ae84_ext.sol,RENT,TimeM,
0x6947335452cb7a452fc337c28cb0d597806c7672_ext.sol,RENT,
0x702392282255f8c0993dbbbb148d80d2ef6795b1_ext.sol,RENT,
0x71402645d25196842b0434a1805726b7c0eef426_ext.sol,RENT,TimeM,
0x728781e75735dc0962df3a51d7ef47e798a7107e_ext.sol,RENT,
0x888888ecb41d5abb38bdd9c5e2f653f411c70765_ext.sol,RENT,TimeM,
0xa146240bf2c04005a743032dc0d241ec0bb2ba2b_ext.sol,RENT,
0xa1ad52ff49fc70b7920b7d02483a58beb15d492b_ext.sol,RENT,TimeM,
0xa1cb45a734151b63679e1aed48e4c3deb8d1908d_ext.sol,RENT,
0xa2201234a4652a704f5539058ccb9ab6ebcd486b_ext.sol,RENT,
0xa2bcf0e52e5b1431699cba1b65f3d9754b3498f2_ext.sol,RENT,
0xa33c4a314faa9684eeffa6ba334688001ea99bbc_ext.sol,TimeM,
0xa3ea961ea44bafa061fe7b2ece819d2a8ceb69b2_ext.sol,RENT,UE,
0xa5cc679a3528956e8032df4f03756c077c1ee3f4_ext.sol,RENT,
0xaa4ec8484e89bed69570825688789589d38eea5e_ext.sol,RENT,
0xaa69d5dab24f6d8f942ec0912258ba2c5b17a0cf_ext.sol,RENT,
0xaa840b1138d31cc4a5fcd9545ed03441ef2a1213_ext.sol,RENT,
0xaa8722fb1c9eec9b6c32a90dbe9aa4c9eff19f55_ext.sol,RENT,TimeM,
0xb3b3fa00a534ab0c7437bc5e9f4f97f1f98b930d_ext.sol,RENT,TimeM,
0xb41ae4f3a164145629602468ecffcf0eb59e559c_ext.sol,RENT,
0xb45d7bc4cebcab98ad09babdf8c818b2292b672c_ext.sol,RENT,
0xb47b1ea3a294df2502a54ccdc1bbe49d71fc8a10_ext.sol,RENT,
0xb487d45f2d2a93b84e8f8c5074e256896bbf7d9c_ext.sol,RENT,TimeM,
0xb4a448387403554616eb5b50aa4c48f75243a015_ext.sol,RENT,TimeM,
0xbc5e7120e1e917c6ba34e94b3a29016f64bbd2c1_ext.sol,RENT,TimeM,
0xbc9363b59cd73f59102ad6a45494f274d311c0c0_ext.sol,RENT,
0xbce22ddb0caeb744060b814c57b4c88bee7337a6_ext.sol,RENT,
0xbcf5d895eaf788956af641aed83f96a65daef442_ext.sol,RENT,TimeM,UE,
0xbe96a69b2836201d9cbad2c485681dc7a4cc39b9_ext.sol,RENT,TimeM,
0xbee61423ef891d33c1ef322338ef85c536898d80_ext.sol,RENT,TimeM,
0xc0c2d062306fe840e11f7fcf394df831a09ef20c_ext.sol,RENT,TimeM,
0xc352add7ad8cac8baa839d8c88e7e9d7df9a219b_ext.sol,RENT,
0xc463aa806958f3bdd20081cc5cab89fbb35b650d_ext.sol,RENT,
0xc541e02e7d66cb5cbd7d33d1874dcc3f028ad75c_ext.sol,RENT,
0xc797f7d82962157b4c73d43dc7723df0f82c0194_ext.sol,RENT,TimeM,
0xc83355ef25a104938275b46cffd94bf9917d0691_ext.sol,RENT,TimeM,
0xcde17703f8a92c741c832bc93739be88d2b1a42c_ext.sol,RENT,TimeM,
0xcde881f8b37b41577c65a3904579fff6bb94f3c8_ext.sol,TimeM,
0xd0aa48ed4c42411e61876abb434ff9371760fb62_ext.sol,RENT,TimeM,
0xd1ce8888b962022365a660b17b4b6dcfa3c7ce7e_ext.sol,RENT,UE,
0xd2344f06ce022a7424619b2af222e71b65824975_ext.sol,RENT,TimeM,
0xd2bfceeab8ffa24cdf94faa2683df63df4bcbdc8_ext.sol,RENT,
0xd30d9140f8e1671739d8b68bc74aa05a049159b3_ext.sol,RENT,
0xd37df7051977462c84d2a89cd78a0a91ff85d645_ext.sol,RENT,TimeM,
0xd41d48be0a81690a785bf1df336163f7b78eadca_ext.sol,RENT,
0xd46d0505f73f26f4cc7c8df65e562ac3f28ffc10_ext.sol,RENT,TimeM,
0xd46ddc98c63f9705ca6689e7036dc3ce981fb335_ext.sol,TimeM,
0xd6647d2d40b1ee8ab766dec0822ec756985fc1b3_ext.sol,RENT,
0xd8cc0ef2b26ff52f86de029cb38ed53b7ed98a57_ext.sol,RENT,
0xd90f5ebc01914bbd357b754956aafb199f4d1624_ext.sol,RENT,TimeM,
0xd9153cfdfb5ec8f82c5e647deb379b10d402d7e4_ext.sol,RENT,TimeM,
0xd954af8b5559e188096afb11643111458b29cebf_ext.sol,RENT,
0xd967acb1fb0d9e3ed6991590de6f373abd75d0b7_ext.sol,RENT,
0xd9bcf875d0ca721ec89fe49b57c144e7c1f6451e_ext.sol,RENT,TimeM,
0xd9d09ab4b1d155dc17a3f919ba003f4cf491e222_ext.sol,RENT,TimeM,UE,
0xd9ff8cc0433c995f3a9711f1400329cd6a40387f_ext.sol,RENT,
0xdac7413b79394542cabbdef9d71e89d48862825d_ext.sol,LE,RENT,TimeM,UE,
0xdb1f3030532a593a733f8ae6fce310aa91ac3a17_ext.sol,RENT,
0xdc0de47538badee1e12c189e5c94cf19c2f27efa_ext.sol,RENT,TimeM,
0xdd91fa3b84b1080f3b618cbc47e06c57def689b9_ext.sol,TimeM,
0xde9c0dbf058935d17583d4643896caf93198761a_ext.sol,RENT,
0xdf100fa9a871669f1c99649fe7852ff45228a83b_ext.sol,RENT,TimeM,
0xdf59f9b549305724b1fa868cb9d0898721404c1f_ext.sol,LE,TimeM,
0xdfbd6a960a55bcfcf59d5925351e05a51498bcef_ext.sol,TimeM,
0xe0a8a9b7c821d9bbd66b826129d4cf1b219ebb3a_ext.sol,RENT,
0xe1754d039c839192ee193d5cf8406fb24fcb421f_ext.sol,RENT,TimeM,
0xe1dbbce4570b815b6ce3434bb3097dc9f453c565_ext.sol,RENT,TimeM,
0xe1f338e069f202f2113d32c8a5d1046d83c92ca4_ext.sol,RENT,TimeM,
0xe35a91f2acceccf1ce6bae792274da6100b639af_ext.sol,RENT,TimeM,
0xeae08961bf8bfe92879b1455c96893e313c8d858_ext.sol,RENT,TimeM,
0xeb6aaeff15f1faa7acecb0627364294fb085fbab_ext.sol,RENT,
0xec4e41ffc9e17aa71b7ddcc5c1c6e9960a70a11c_ext.sol,RENT,TimeM,
0xecfae6f958f7ab15bdf171eeefa568e41eabf641_ext.sol,RENT,
0xecff8fc2a19f83fc855618704f38725756dbcae3_ext.sol,RENT,TimeM,
0xed2bd91e69155782d045ca8254eafa8935e99b58_ext.sol,RENT,TimeM,
0xed2f35867a1afc19eeff7f0fbd7cd30c0c8c288a_ext.sol,RENT,
0xed42264e005d9052799a5971e439d5353bdb3f24_ext.sol,RENT,TimeM,UE,
0xed7da010027967365e0a7c370c1dde2f9fe4477f_ext.sol,RENT,TimeM,
0xee3dc775669d2415cad8b5b424e6c97ad60ebef5_ext.sol,UE,
0xee44b11148486c05112d6418b987d8b8c2632e8f_ext.sol,TimeM,
0xeeae9c7a726f5c9d52c45494577221054a2805b2_ext.sol,RENT,TimeM,
0xef7c7254c290df3d167182356255cdfd8d3b400b_ext.sol,RENT,TimeM,
0xef7de4b3862b56ab9aa37ccb19fb1e1e10134ffc_ext.sol,TimeM,
0xf030b8fbe57c4498298449fc78a0f7054a5ef76d_ext.sol,RENT,
0xf099c6ecb16575393b3ba6ac57b4ead943353a52_ext.sol,RENT,TimeM,
0xf0d1a6dfcce7fb23fee76d8ed89e780c5a2c1885_ext.sol,RENT,TimeM,
0xf0f9569413d99964ec01bd900126e90c70edda6a_ext.sol,RENT,
0xf12b9b6956b719a2c07873154f9e56bd13dfa24e_ext.sol,RENT,TimeM,
0xf165c0df0b759e93e6166aecb667c7ec2a300525_ext.sol,RENT,TimeM,
0xf1d0f528cb6b50e0035a7fe03b4bcc58dd09c1e2_ext.sol,RENT,TimeM,
0xf211128cc6d925a3a328647cf78b322b51429c53_ext.sol,RENT,TimeM,
0xf244176246168f24e3187f7288edbca29267739b_ext.sol,LE,RENT,TimeM,UE,
0xf2855df7f963531f689a8a3d2eb7bf4e0f532c01_ext.sol,RENT,
0xf296fbc18ebce3eeb1026abbb4c9ee406f7c4467_ext.sol,RENT,
0xf317a365cfef0aa4357abd057048808a1d430402_ext.sol,RENT,TimeM,
0xf3b5cf34cdc3a0850037e5f383357fb808026bc7_ext.sol,LE,
0xf3e61d4a877ef82d68ebc97acf99e1c08ee342f2_ext.sol,RENT,TimeM,
0xf45a3bbe486779250961c9f2da73651deb90406a_ext.sol,LE,RENT,UE,
0xf48d72e5a2419c0c6f5822854b7bb7bf135d1623_ext.sol,RENT,
0xf4f52fe42631a43e3973283ce275959b6cbb103a_ext.sol,RENT,TimeM,
